<planetas><planeta><nombre>Mercurio</nombre><masa>3.303e+23</masa><radio>2439700.0</radio><gravedad>3.7030267229659395</gravedad></planeta><planeta><nombre>Venus</nombre><masa>4.869e+24</masa><radio>6051800.0</radio><gravedad>8.871391908774457</gravedad></planeta><planeta><nombre>Tierra</nombre><masa>5.976e+24</masa><radio>6378140.0</radio><gravedad>9.802652743337129</gravedad></planeta><planeta><nombre>Marte</nombre><masa>6.421e+23</masa><radio>3397200.0</radio><gravedad>3.7126290961053403</gravedad></planeta><planeta><nombre>Jupiter</nombre><masa>1.9e+27</masa><radio>71492000.0</radio><gravedad>24.80617666947324</gravedad></planeta><planeta><nombre>Saturno</nombre><masa>5.688e+26</masa><radio>60268000.0</radio><gravedad>10.44978014597121</gravedad></planeta><planeta><nombre>Urano</nombre><masa>8.686e+25</masa><radio>25559000.0</radio><gravedad>8.8726476241638</gravedad></planeta><planeta><nombre>Neptuno</nombre><masa>1.024e+26</masa><radio>24746000.0</radio><gravedad>11.158634802412358</gravedad></planeta></planetas>